<?xml version="1.0" encoding="UTF-8"?>
<!DOCTYPE hibernate-configuration PUBLIC
		"-//Hibernate/Hibernate Configuration DTD 3.0//EN"
		"http://hibernate.sourceforge.net/hibernate-configuration-3.0.dtd">
<hibernate-configuration>
    <session-factory>

		<!--  In-memory HSQLDB database -->
		<property name="hibernate.connection.driver_class">org.hsqldb.jdbcDriver</property>
		<property name="hibernate.connection.url">jdbc:hsqldb:mem:nms</property>
		<property name="hibernate.dialect">org.hibernate.dialect.HSQLDialect</property>
		<property name="hibernate.connection.username">sa</property>
		<property name="hibernate.connection.password"></property>

		
		<!--  Oracle database (local) -->
<!-- 
        <property name="hibernate.connection.driver_class">oracle.jdbc.driver.OracleDriver</property>
        <property name="hibernate.connection.url">jdbc:oracle:thin:@localhost:1521:orcl</property>
        <property name="hibernate.dialect">org.hibernate.dialect.Oracle9Dialect</property>
		<property name="hibernate.connection.username">${user}</property>
		<property name="hibernate.connection.password">${password}</property>
-->

		<!-- Show and print nice SQL on stdout -->
<!-- 
		<property name="show_sql">true</property>
		<property name="format_sql">true</property>
        <property name="use_sql_comments">true</property>
 -->
 
 		<!--  DDL options -->
 
		<property name="hibernate.hbm2ddl.auto">create-drop</property>
<!-- Use this in development (and maybe all environments) 
		<property name="hibernate.hbm2ddl.auto">validate</property>
-->
		
		<!--  Connection Pool Properties -->
<!-- 
		<property name="connection.pool_size">1</property>
		<property name="cache.provider_class">org.hibernate.cache.HashtableCacheProvider</property>
 -->
		<!-- Use the C3P0 connection pool provider -->
<!-- 
		<property name="hibernate.c3p0.min_size">1</property>
		<property name="hibernate.c3p0.max_size">3</property>
		<property name="hibernate.c3p0.timeout">300</property>
		<property name="hibernate.c3p0.max_statements">50</property>
		<property name="hibernate.c3p0.idle_test_period">3000</property>
 -->


		<!-- List of annotated classes-->
		<mapping class="prototype.Message"/>
		
    </session-factory>
    
</hibernate-configuration>
